1,Bahrain Grand Prix,2024,1
2,Saudi Arabian Grand Prix,2024,2
3,Australian Grand Prix,2024,3
4,Spanish Grand Prix,2024,4
5,Monaco Grand Prix,2024,5
6,Azerbaijan Grand Prix,2024,6
7,Canadian Grand Prix,2024,7
8,Austrian Grand Prix,2024,8
9,British Grand Prix,2024,9
10,Hungarian Grand Prix,2024,10
11,Belgian Grand Prix,2024,11
12,Dutch Grand Prix,2024,12
13,Italian Grand Prix,2024,13
14,Singapore Grand Prix,2024,14
15,Japanese Grand Prix,2024,15
16,Qatar Grand Prix,2024,16
17,United States Grand Prix,2024,17
18,Mexican Grand Prix,2024,18
19,Brazilian Grand Prix,2024,19
20,Las Vegas Grand Prix,2024,20
21,Abu Dhabi Grand Prix,2024,21
